{"text": " \u0441\u04d9\u0440\u043c\u0435\u0441 \u0441\u0456\u0437\u0434\u0456\u04a3 \u049b\u0430\u043c \u049b\u0430\u043b\u0430\u0439 \u043d\u0435 \u0456\u0441\u0442\u0435\u043f \u0436\u0430\u043b \u0442\u04b1\u0440\u0441\u044b\u043d\u0434\u0430\u0440", "segments": [{"id": 0, "seek": 0, "start": 0.0, "end": 5.28, "text": " \u0441\u04d9\u0440\u043c\u0435\u0441 \u0441\u0456\u0437\u0434\u0456\u04a3 \u049b\u0430\u043c \u049b\u0430\u043b\u0430\u0439 \u043d\u0435 \u0456\u0441\u0442\u0435\u043f \u0436\u0430\u043b \u0442\u04b1\u0440\u0441\u044b\u043d\u0434\u0430\u0440", "tokens": [50365, 776, 143, 247, 481, 919, 2292, 776, 28933, 856, 1827, 142, 96, 220, 49964, 1685, 220, 49964, 1218, 3183, 1725, 8934, 982, 5018, 2989, 1218, 1069, 142, 109, 481, 48271, 43485, 2222, 50629], "temperature": 0.0, "avg_logprob": -0.348068972996303, "compression_ratio": 1.0493827160493827, "no_speech_prob": 4.253625451866583e-09}], "language": "kk"}